{
  "A": [
    [
      2.790785405071091,
      333.9883116883117
    ],
    [
      5.424551638837329,
      3.450649350649371
    ],
    [
      264.85052566481136,
      5.20649350649353
    ],
    [
      264.41156462585036,
      334.8662337662338
    ],
    [
      91.46091527520096,
      150.50259740259742
    ],
    [
      179.25312306740875,
      148.3077922077922
    ],
    [
      116.48169449598018,
      205.8116883116883
    ],
    [
      131.40636982065553,
      215.46883116883117
    ],
    [
      145.8920841063698,
      206.25064935064935
    ],
    [
      95.85052566481136,
      246.1961038961039
    ],
    [
      117.79857761286331,
      238.73376623376623
    ],
    [
      129.65052566481137,
      246.1961038961039
    ],
    [
      139.74662956091527,
      241.36753246753247
    ],
    [
      167.4011750154607,
      246.63506493506495
    ],
    [
      129.21156462585031,
      314.674025974026
    ],
    [
      85.75442176870746,
      292.72597402597404
    ],
    [
      184.95961657390228,
      290.5311688311688
    ]
  ],
  "B": [
    [
      2.393630179344541,
      334.8662337662338
    ],
    [
      2.832591218305595,
      4.767532467532476
    ],
    [
      263.5754483611626,
      3.889610389610425
    ],
    [
      264.8923314780457,
      333.9883116883117
    ],
    [
      87.99103277674709,
      142.16233766233768
    ],
    [
      173.1494743351886,
      139.96753246753246
    ],
    [
      116.52350030921463,
      191.32597402597403
    ],
    [
      128.37544836116268,
      192.2038961038961
    ],
    [
      142.42220160791595,
      188.6922077922078
    ],
    [
      101.59882498453936,
      230.3935064935065
    ],
    [
      118.71830550401984,
      216.78571428571428
    ],
    [
      129.6923314780458,
      218.9805194805195
    ],
    [
      140.22739641311074,
      215.9077922077922
    ],
    [
      161.29752628324064,
      228.63766233766233
    ],
    [
      134.5209029066172,
      293.1649350649351
    ],
    [
      92.38064316635752,
      271.65584415584414
    ],
    [
      177.97804576376012,
      269.9
    ]
  ]
}