{
  "A": [
    [
      11.68923933209635,
      13.52597402597371
    ],
    [
      1077.6632653061224,
      13.52597402597371
    ],
    [
      11.68923933209635,
      1345.9935064935062
    ],
    [
      1074.1567717996288,
      1345.9935064935062
    ],
    [
      365.84508348794054,
      595.6038961038959
    ],
    [
      716.4944341372911,
      592.0974025974024
    ],
    [
      450.0009276437846,
      823.5259740259738
    ],
    [
      530.6502782931352,
      795.4740259740257
    ],
    [
      597.273654916512,
      844.5649350649348
    ],
    [
      390.39053803339505,
      988.3311688311686
    ],
    [
      530.6502782931352,
      988.3311688311686
    ],
    [
      681.4294990723561,
      981.3181818181816
    ]
  ],
  "B": [
    [
      4.843228200370959,
      10.01948051948034
    ],
    [
      1070.8172541743972,
      10.01948051948034
    ],
    [
      8.34972170686433,
      1345.9935064935062
    ],
    [
      1077.830241187384,
      1349.4999999999998
    ],
    [
      351.98608534322807,
      567.5519480519479
    ],
    [
      692.1159554730982,
      557.0324675324673
    ],
    [
      446.6614100185527,
      784.9545454545453
    ],
    [
      520.2977736549167,
      718.3311688311686
    ],
    [
      597.4406307977736,
      774.4350649350647
    ],
    [
      408.0899814471243,
      918.2012987012985
    ],
    [
      523.80426716141,
      914.694805194805
    ],
    [
      653.5445269016698,
      918.2012987012985
    ]
  ]
}