    {
  "A": [
    [
      0,
      0
    ],
    [
      0,
      337
    ],
    [
      269,
      0
    ],
    [
      269,
      337
    ],
    [
      73.9024737167594,
      151.81948051948052
    ],
    [
      90.58299319727888,
      147.86883116883118
    ],
    [
      107.26351267779836,
      151.81948051948052
    ],
    [
      158.62195423623996,
      151.81948051948052
    ],
    [
      177.93623995052565,
      147.86883116883118
    ],
    [
      192.86091527520097,
      150.94155844155844
    ],
    [
      114.286889301175,
      202.73896103896104
    ],
    [
      131.40636982065553,
      211.51818181818183
    ],
    [
      147.64792826221395,
      204.4948051948052
    ],
    [
      95.85052566481136,
      245.75714285714287
    ],
    [
      116.92065553494123,
      238.73376623376623
    ],
    [
      130.52844774273342,
      244.44025974025973
    ],
    [
      143.69727891156458,
      239.17272727272726
    ],
    [
      166.52325293753864,
      244.8792207792208
    ],
    [
      106.38559059987628,
      314.23506493506494
    ],
    [
      135.35701917130484,
      315.55194805194805
    ],
    [
      159.499876314162,
      312.0402597402597
    ],
    [
      55.90507111935682,
      254.53636363636363
    ],
    [
      215.68688930117503,
      250.14675324675324
    ],
    [
      46.24792826221395,
      220.73636363636365
    ],
    [
      31.323252937538626,
      180.79090909090908
    ],
    [
      33.51805813234381,
      141.2844155844156
    ],
    [
      224.02714904143477,
      223.8090909090909
    ],
    [
      239.82974644403214,
      188.25324675324674
    ],
    [
      235.00117501546072,
      146.11298701298702
    ]
  ],
  "B": [
    [
      0,
      0
    ],
    [
      0,
      337
    ],
    [
      269,
      0
    ],
    [
      269,
      337
    ],
    [
      71.31051329622761,
      145.67402597402597
    ],
    [
      88.8689548546692,
      140.84545454545454
    ],
    [
      104.23259121830557,
      143.04025974025976
    ],
    [
      156.90791589363022,
      140.84545454545454
    ],
    [
      173.5884353741497,
      138.2116883116883
    ],
    [
      192.4637600494744,
      143.04025974025976
    ],
    [
      115.20661719233152,
      190.88701298701298
    ],
    [
      128.37544836116268,
      192.2038961038961
    ],
    [
      141.54427952999384,
      187.81428571428572
    ],
    [
      101.15986394557825,
      230.3935064935065
    ],
    [
      117.40142238713673,
      216.34675324675325
    ],
    [
      129.2533704390848,
      218.54155844155844
    ],
    [
      139.34947433518863,
      214.5909090909091
    ],
    [
      163.93129251700685,
      229.0766233766234
    ],
    [
      118.27934446505884,
      290.9701298701299
    ],
    [
      136.27674706246142,
      291.84805194805193
    ],
    [
      156.46895485466922,
      289.2142857142857
    ],
    [
      63.40921459492898,
      244.44025974025973
    ],
    [
      207.82739641311076,
      241.8064935064935
    ],
    [
      48.9235003092146,
      213.27402597402596
    ],
    [
      35.315708101422445,
      179.47402597402598
    ],
    [
      34.43778602350034,
      145.23506493506494
    ],
    [
      224.06895485466913,
      211.07922077922078
    ],
    [
      239.4325912183055,
      175.96233766233766
    ],
    [
      237.2377860235003,
      137.33376623376623
    ]
  ]
}